{
  "project_info": {
    "project_number": "456344832498",
    "firebase_url": "https://travelmantics-664b1.firebaseio.com",
    "project_id": "travelmantics-664b1",
    "storage_bucket": "travelmantics-664b1.appspot.com"
  },
  "client": [
    {
      "client_info": {
        "mobilesdk_app_id": "1:456344832498:android:b4470d06b32c6715",
        "android_client_info": {
          "package_name": "com.example.travelmantics"
        }
      },
      "oauth_client": [
        {
          "client_id": "456344832498-9dpcbbcqjp0f2cg5p98qkbatvhne3mkp.apps.googleusercontent.com",
          "client_type": 1,
          "android_info": {
            "package_name": "com.example.travelmantics",
            "certificate_hash": "4ac5b95aa0c41b691d587c540642eed77033f040"
          }
        },
        {
          "client_id": "456344832498-n0okt87su3j589dfkqqpk7na0q56tb0b.apps.googleusercontent.com",
          "client_type": 3
        }
      ],
      "api_key": [
        {
          "current_key": "AIzaSyCijTs_TbP0STJ5iMINgr99XVEGytSUN_w"
        }
      ],
      "services": {
        "appinvite_service": {
          "other_platform_oauth_client": [
            {
              "client_id": "456344832498-n0okt87su3j589dfkqqpk7na0q56tb0b.apps.googleusercontent.com",
              "client_type": 3
            }
          ]
        }
      }
    }
  ],
  "configuration_version": "1"
}